{
  "_generated": "Generated by SweetTooth, do not edit",
  "description": "Arrange windows in overview in a more compact way.",
  "extension-id": "native-window-placement",
  "gettext-domain": "gnome-shell-extension-native-window-placement",
  "name": "Native Window Placement",
  "original-authors": [
    "wepmaschda@gmx.de"
  ],
  "settings-schema": "org.gnome.shell.extensions.native-window-placement",
  "shell-version": [
    "42"
  ],
  "url": "https://gitlab.gnome.org/GNOME/gnome-shell-extensions",
  "uuid": "native-window-placement@gnome-shell-extensions.gcampax.github.com",
  "version": 51
}