{
  "_generated": "Generated by SweetTooth, do not edit",
  "description": "Add a category-based menu for applications.\nThis extension is part of Classic Mode and is officially supported by GNOME. Please do not report bugs using the form below, use GNOME's GitLab instance instead.",
  "extension-id": "apps-menu",
  "gettext-domain": "gnome-shell-extension-apps-menu",
  "name": "Applications Menu",
  "original-authors": [
    "e2002@bk.ru",
    "debarshir@gnome.org"
  ],
  "settings-schema": "org.gnome.shell.extensions.apps-menu",
  "shell-version": [
    "42"
  ],
  "url": "https://gitlab.gnome.org/GNOME/gnome-shell-extensions",
  "uuid": "apps-menu@gnome-shell-extensions.gcampax.github.com",
  "version": 51
}