{
  "_generated": "Generated by SweetTooth, do not edit",
  "description": "Always launch a new instance when clicking in the dash or the application view.\nThis extension is part of Classic Mode and is officially supported by GNOME. Please do not report bugs using the form below, use GNOME's GitLab instance instead.",
  "extension-id": "launch-new-instance",
  "gettext-domain": "gnome-shell-extension-launch-new-instance",
  "name": "Launch new instance",
  "settings-schema": "org.gnome.shell.extensions.launch-new-instance",
  "shell-version": [
    "42"
  ],
  "url": "https://gitlab.gnome.org/GNOME/gnome-shell-extensions",
  "uuid": "launch-new-instance@gnome-shell-extensions.gcampax.github.com",
  "version": 34
}