{
  "_generated": "Generated by SweetTooth, do not edit",
  "description": "Numlock & Capslock status on the panel. Gnome version 3.30 and earlier users please install 44 version of the extension https://extensions.gnome.org/download-extension/lockkeys%40vaina.lt.shell-extension.zip?version_tag=26229 ",
  "name": "Lock Keys",
  "original-authors": "Kazimieras Vaina, Pierre Ossman, erguille, jonnius, Philipp Wolfer, Mariusz Lisowski, Cristian Beroiza, warmsun0220, Rasmus Kaj, Pablo Martin-Gomez Bouska, Rapha\u00ebl Rochet, Luiz Nickel, Jesse, Du\u0161an Kazik",
  "shell-version": [
    "3.34",
    "3.32",
    "3.36",
    "3.38",
    "40",
    "41",
    "42"
  ],
  "url": "https://github.com/kazysmaster/gnome-shell-extension-lockkeys",
  "uuid": "lockkeys@vaina.lt",
  "version": 47
}